28 offres,tfidf
communications,133.086542355
intranet,45.2521549591
conseiller,23.512572929
ontario,23.4322661764
capable,22.1314406625
relations,21.2382198786
documents,20.5021315644
radio,17.7194581521
redaction,16.0784428538
ottawa,15.6059225563
creativite,11.3434278957
ecrit,11.2104267867
television,11.0127996568
publications,10.5702745705
immobilier,10.564631192
supervision,10.3201366789
traduction,10.2178998537
revision,10.011220756
000,9.98221179285
coordination,9.82888441944
presentations,9.76207486051
skills,9.41405230538
discipline,9.37644235853
administration,8.96462106168
media,8.51063530809
motivee,8.40472207153
vancouver,8.35987100906
parle,8.09161327528
wordpress,8.07960595357
journalism,8.01694483861
