25 offres,tfidf
assurance,35.0682920132
gestionnaire,11.4560878042
bilinguisme,6.88796371218
rc,6.27328025208
memos,6.03646451318
droit,5.76787782889
construction,5.68055380993
application,5.36366281896
polyvalente,5.00966606402
tpe,4.53797595964
linkedin,4.5171288238
coaching,4.44628516858
execution,4.39777083913
fiscalite,4.21925079778
iso,4.05240237253
adaptation,4.04503526758
planification,3.97058210642
strategie,3.90868131206
sante,3.88047316443
leadership,3.88047316443
audits,3.86747444707
prise,3.80828331521
integration,3.76978445712
methodique,3.72468876725
protection,3.71645563486
redaction,3.71040988934
performance,3.67585118468
amelioration,3.6269361197
reception,3.38081816868
standards,3.37342587756
