15 offres,tfidf
general manager,54.3043837188
provides feedback,8.97118734804
sales process,8.01694483861
retirement benefits,7.76706736539
gestion operationnelle,7.70478974375
new hires,7.63317378613
compensation benefit,7.63317378613
gestion operations,7.20126619286
customer service,7.15912073561
year experience,6.42905380347
new business,6.34064647849
gestion securite,6.2863419864
policies procedures,6.09780215272
client service,5.84264448717
processus vente,5.52263560884
fast paced,5.5063998284
high tech,5.49046196906
systemes gestion,5.09883032932
amelioration processus,4.79137712517
marketing budget,4.66168493308
recruitment retention,4.66168493308
hospitality industry,4.48559367402
general operations,4.18456367836
cost control,4.0084724193
handle multiple,3.92132224358
sense urgency,3.78662366969
communicate effectively,3.54774158077
leadership management,3.53135116458
ability prioritize,3.47135323491
retail experience,3.38293133213
