17 offres,tfidf
assurance,41.5624201638
professionnel,12.7004422959
conseiller,11.7562864645
ontario,10.6510300802
telephone,9.2417528595
qa,8.71743023222
influence,6.92561516059
bilinguisme,6.88796371218
auto,6.64590936257
action,6.14611641399
acces,5.70867059826
000,5.70412102448
publications,5.28513728526
00,5.03688463623
verbal,5.03422145094
orientation,4.92148690202
gestionnaire,4.90975191609
expert,4.78161126575
determinee,4.67893127669
public,4.59212472442
evaluation,4.51677090732
ecrit,4.48417071467
resume,4.44628516858
requirements,4.15357717788
adaptation,4.04503526758
phase,3.63690430996
mdm,3.40641242797
multi,3.35251691799
illustration,3.32924647316
technologie,3.27851312379
