216 offres,tfidf
administration,87.0848903134
president,76.3462844695
strategie,65.1446885343
manager,55.203901204
leadership,51.7396421924
structure,42.4145684326
relations,41.4145287633
10,40.7912247138
vision,38.4511784953
performance,37.9837955751
profit,33.4806220378
gestionnaire,32.7316794406
mba,31.9142264559
social,31.4221363325
budget,31.2615329361
strategies,30.3195369717
amelioration,29.0154889576
entrepreneur,27.3386927131
business,27.0795001935
sante,25.8698210962
leader,25.2402242319
culture,24.8007345229
000,24.2425143541
innovation,23.847741163
professionnelle,22.8489554316
vue,22.5636890662
efficace,22.2084868139
finances,22.0985076071
ms,22.0445921804
qc,22.0296838213
