29 offres,tfidf
gestion administrative,10.2684703727
mise place,9.20116766096
management equipe,7.57218732732
controle gestion,6.87078423202
ressources humaines,5.23299838089
tableaux bord,3.84739521349
site web,3.82467034496
indicateurs performance,2.16337437929
gestion personnel,2.1498015721
administration affaires,2.07229390994
directeur general,1.94819438998
prise decision,1.92728519056
supply chain,1.92489017815
esprit synthese,1.91349690607
suite office,1.90695446405
organisation travail,1.90201708839
parle ecrit,1.83755909916
developpement commercial,1.7823022959
pack office,1.77406763274
bases donnees,1.7055165026
service client,1.64236089592
analyse synthese,1.53963297044
capacite travailler,1.3629409896
sens organisation,1.26960381328
travail equipe,1.14806785929
