29 offres,tfidf
administrative,25.242299231
administration,21.7712225784
facturation,14.2105897044
social,7.48146103154
organiser,7.13394093673
creation,7.13330886791
immobilier,7.04308746136
coordination,7.02063172817
animation,6.99973192863
elaboration,6.78005593704
multi,6.70503383598
relocation,6.59991419412
orientation,6.56198253603
distribution,6.53644170498
csst,5.73160983147
erp,5.10578478026
reporting,4.94851982589
budgets,4.9327026107
organization,4.92605569225
support,4.81612031544
expert,4.78161126575
representation,4.75225524814
fil,4.74107634269
accompagnement,4.63872254893
action,4.60958731049
achats,4.49155011531
execution,4.39777083913
transmission,4.21076486462
classement,4.08727367273
assurance,3.89647689036
