24 offres,tfidf
parle,12.9465812405
bilinguisme,12.3983346819
telephone,11.8822536765
air,11.1556308178
distribution,10.458306728
ecrit,8.96834142935
internet,8.41039723893
ms,7.87306863586
logistique,7.20853838167
bilingue,7.14154014802
toronto,7.08196481224
initiative,6.54413685336
motivee,6.30354155365
professionnelle,5.71223885791
construction,5.68055380993
approvisionnement,5.47893444182
sante,5.17396421924
retention,5.09883032932
professionnel,5.08017691834
strategies,5.05325616195
leader,5.04804484639
presentation,4.59985699308
prospection,4.55788640088
linkedin,4.5171288238
conseiller,4.40860742418
400,4.32399570092
coordonner,4.28302234647
000,4.27809076836
relations,4.24764397573
qualifications,4.11461693529
