18 offres,tfidf
ms,11.0222960902
payment,9.53215528119
coordinate,8.60787973074
meetings,8.43127975308
10,7.93162702769
administration,7.68396091001
search,7.26340705439
internet,7.00866436578
professionnelle,6.85468662949
00,6.71584618164
leadership,6.46745527406
golf,6.34064647849
verification,5.69204675918
process,5.64701270578
aide,5.5603025268
assistant,5.55940914551
recruitment,5.55038841581
work,5.40493962981
mba,5.31903774264
relations,5.30955496966
risk,5.30616952263
oral,5.20663937555
follow,5.14003595096
organization,4.92605569225
gestionnaire,4.90975191609
audit,4.78887591455
professional,4.73885772344
ecrit,4.48417071467
01,4.28502693851
bilingue,4.28492408881
