30 offres,tfidf
droit travail,24.9882193976
gestion relations,12.1371040435
gestion ressources,6.31072989434
strategie entreprise,5.00664488197
executive search,3.75859494609
gestion crise,3.38293133213
travail social,3.18456367836
import export,3.13664012604
supervision equipe,2.94987770404
business partner,2.65096106769
vision strategique,2.46165566652
role conseil,2.32723118193
