78 offres,tfidf
communications,92.136837015
gpc,41.8456367836
strategie,41.692600662
digital,39.5907971341
media,38.2978588864
rp,30.8190133646
including,28.8803232886
mobilisation,24.8559367402
internet,23.8294588436
promotion,23.1581072125
image,22.2538592684
budget,20.8410219574
develop,19.7933136979
creativite,19.4458763926
creatif,19.1310931615
editorial,18.4914080188
vision,18.389694063
work,18.0164654327
online,17.2799223431
print,17.1948294944
skills,16.9452941497
branding,16.318724622
creation,15.6932795094
planning,15.4238518192
animation,15.399410243
10,14.73016448
coordinator,14.6464558663
jib,13.9850547992
events,13.97698797
public,13.7763741733
